ID, Nom, Droit
1, Emma Miller, Admin
2, James Wilson, Standard
3, Olivia Davis, Admin
4, Ethan Taylor, Standard
5, Sophia Martinez, Standard
6, William Smith, Admin
7, Isabella Brown, Standard
8, Jackson White, Standard
9, Ava Turner, Admin
10, Logan Davis, Standard
11, Daniel Wilson, Standard
12, Olivia Taylor, Admin
13, Ethan Martinez, Standard
14, Sophia Jones, Standard
15, Matthew Moore, Admin
16, Aiden Turner, Standard
17, Chloe Davis, Standard
18, Isaac Brown, Admin
19, Zoe White, Standard
20, Carter Smith, Standard
21, Riley Martinez, Admin
22, Hazel Davis, Standard
23, Elijah Turner, Standard
24, Stella Wilson, Admin
25, Lucas Moore, Standard
26, Layla Johnson, Standard
27, Jack Brown, Admin
28, Mia Taylor, Standard
29, Oliver Jones, Standard
30, Ava White, Admin
31, Ethan Turner, Admin
32, Ava Davis, Standard
33, Liam Brown, Standard
34, Scarlett Smith, Admin
35, Noah Martinez, Standard
36, Amelia Turner, Standard
37, Benjamin Davis, Admin
38, Lily Wilson, Standard
39, Henry Moore, Standard
40, Emily Jones, Admin
41, Samuel Taylor, Standard
42, Zoey Brown, Standard
43, Wyatt Smith, Admin
44, Harper Martinez, Standard
45, Sebastian Turner, Standard
46, Grace Davis, Admin
47, Jackson White, Standard
48, Penelope Smith, Standard
49, Gabriel Wilson, Admin
50, Madelyn Moore, Standard
51, Leo Jones, Standard
52, Aria Taylor, Admin
53, Isaac Brown, Standard
54, Aurora Smith, Standard
55, Owen Turner, Admin
56, Ellie Davis, Standard
57, Caleb White, Standard
58, Violet Martinez, Admin
59, Julian Moore, Standard
60, Hazel Jones, Standard
61, Lincoln Taylor, Admin
62, Stella Brown, Standard
63, Eli Smith, Standard
64, Addison Turner, Admin
65, Christopher Davis, Standard
66, Scarlett White, Standard
67, Josiah Moore, Admin
68, Hannah Jones, Standard
69, Levi Taylor, Standard
70, Nova Brown, Admin
71, Easton Martinez, Standard
72, Paisley Turner, Standard
73, Mateo Davis, Admin
74, Clara Smith, Standard
75, Asher White, Standard
76, Lucy Moore, Admin
77, Grayson Jones, Standard
78, Skylar Taylor, Standard
79, Ezra Brown, Admin
80, Ruby Martinez, Standard
81, Hudson Turner, Standard
82, Eleanor Davis, Admin
83, Nolan Smith, Standard
84, Everly White, Standard
85, Levi Moore, Admin
86, Willow Jones, Standard
87, Mason Taylor, Standard
88, Piper Brown, Admin
89, Savannah Martinez, Standard
90, Oliver Turner, Standard
91, Audrey Davis, Admin
92, Logan Smith, Standard
93, Scarlett White, Standard
94, Carter Moore, Admin
95, Isabella Jones, Standard
96, Jaxon Taylor, Standard
97, Lily Brown, Admin
98, Owen Martinez, Standard
99, Grace Turner, Standard
100, Jackson Davis, Admin
101, Emma Johnson, Admin
102, Alexander Brown, Standard
103, Lily Martinez, Standard
104, Jackson Turner, Admin
105, Scarlett Davis, Standard
106, Lucas Smith, Standard
107, Ava White, Admin
108, Oliver Moore, Standard
109, Zoey Jones, Standard
110, Caleb Taylor, Admin
111, Hazel Brown, Standard
112, Leo Martinez, Standard
113, Chloe Turner, Admin
114, Ethan Davis, Standard
115, Grace Smith, Standard
116, Elijah White, Admin
117, Scarlett Moore, Standard
118, Henry Jones, Standard
119, Amelia Taylor, Admin
120, Wyatt Brown, Standard
121, Harper Martinez, Standard
122, Mason Turner, Admin
123, Penelope Davis, Standard
124, Logan Smith, Standard
125, Zoe White, Admin
126, Liam Moore, Standard
127, Stella Jones, Standard
128, Benjamin Taylor, Admin
129, Aria Brown, Standard
130, Samuel Martinez, Standard
131, Lily Turner, Admin
132, Jackson Davis, Standard
133, Aurora Smith, Standard
134, Caleb White, Admin
135, Ellie Moore, Standard
136, Noah Jones, Standard
137, Grace Taylor, Admin
138, Owen Brown, Standard
139, Addison Martinez, Standard
140, Elijah Turner, Admin
141, Scarlett Davis, Standard
142, Leo Smith, Standard
143, Ava White, Admin
144, Oliver Moore, Standard
145, Zoey Jones, Standard
146, Mason Taylor, Admin
147, Chloe Brown, Standard
148, Jackson Martinez, Standard
149, Emma Turner, Admin
150, Wyatt Davis, Standard
151, Harper Smith, Standard
152, Ella White, Admin
153, Ethan Moore, Standard
154, Grace Jones, Standard
155, Samuel Taylor, Admin
156, Lucy Brown, Standard
157, Jackson Martinez, Standard
158, Amelia Turner, Admin
159, Liam Davis, Standard
160, Hazel Smith, Standard
161, Mason White, Admin
162, Lily Moore, Standard
163, Leo Jones, Standard
164, Zoey Taylor, Admin
165, Oliver Brown, Standard
166, Scarlett Martinez, Standard
167, Caleb Turner, Admin
168, Ava Davis, Standard
169, Benjamin Smith, Standard
170, Ella White, Admin
171, Ethan Moore, Standard
172, Lily Jones, Standard
173, Samuel Taylor, Admin
174, Grace Brown, Standard
175, Jackson Martinez, Standard
176, Zoey Turner, Admin
177, Wyatt Davis, Standard
178, Amelia Smith, Standard
179, Leo White, Admin
180, Scarlett Moore, Standard
181, Harper Jones, Standard
182, Mason Taylor, Admin
183, Chloe Brown, Standard
184, Jackson Martinez, Standard
185, Emma Turner, Admin
186, Wyatt Davis, Standard
187, Harper Smith, Standard
188, Ella White, Admin
189, Ethan Moore, Standard
190, Grace Jones, Standard
191, Samuel Taylor, Admin
192, Lucy Brown, Standard
193, Jackson Martinez, Standard
194, Amelia Turner, Admin
195, Liam Davis, Standard
196, Hazel Smith, Standard
197, Mason White, Admin
198, Lily Moore, Standard
199, Leo Jones, Standard
200, Zoey Taylor, Admin
